컬럼1,컬럼2,컬럼3
컬럼1,컬럼2,컬럼3
컬럼1,컬럼2,컬럼3
컬럼1,컬럼2,컬럼3
컬럼1,컬럼2,컬럼3
컬럼1,컬럼2,컬럼3
컬럼1,컬럼2,컬럼3
컬럼1,컬럼2,컬럼3
컬럼1,컬럼2,컬럼3
컬럼1,컬럼2,컬럼3
컬럼1,컬럼2,컬럼3
컬럼1,컬럼2,컬럼3
컬럼1,컬럼2,컬럼3
컬럼1,컬럼2,컬럼3
컬럼1,컬럼2,컬럼3
컬럼1,컬럼2,컬럼3
컬럼1,컬럼2,컬럼3
컬럼1,컬럼2,컬럼3
컬럼1,컬럼2,컬럼3
컬럼1,컬럼2,컬럼3
컬럼1,컬럼2,컬럼3
컬럼1,컬럼2,컬럼3
컬럼1,컬럼2,컬럼3
컬럼1,컬럼2,컬럼3
컬럼1,컬럼2,컬럼3
컬럼1,컬럼2,컬럼3
컬럼1,컬럼2,컬럼3
컬럼1,컬럼2,컬럼3
컬럼1,컬럼2,컬럼3
컬럼1,컬럼2,컬럼3
컬럼1,컬럼2,컬럼3
컬럼1,컬럼2,컬럼3
컬럼1,컬럼2,컬럼3
컬럼1,컬럼2,컬럼3
컬럼1,컬럼2,컬럼3
컬럼1,컬럼2,컬럼3
컬럼1,컬럼2,컬럼3
컬럼1,컬럼2,컬럼3
컬럼1,컬럼2,컬럼3
컬럼1,컬럼2,컬럼3
컬럼1,컬럼2,컬럼3
컬럼1,컬럼2,컬럼3
컬럼1,컬럼2,컬럼3
컬럼1,컬럼2,컬럼3
컬럼1,컬럼2,컬럼3
컬럼1,컬럼2,컬럼3
컬럼1,컬럼2,컬럼3
컬럼1,컬럼2,컬럼3
컬럼1,컬럼2,컬럼3
컬럼1,컬럼2,컬럼3
컬럼1,컬럼2,컬럼3
컬럼1,컬럼2,컬럼3
컬럼1,컬럼2,컬럼3
컬럼1,컬럼2,컬럼3
컬럼1,컬럼2,컬럼3
컬럼1,컬럼2,컬럼3
컬럼1,컬럼2,컬럼3
컬럼1,컬럼2,컬럼3
컬럼1,컬럼2,컬럼3
컬럼1,컬럼2,컬럼3
컬럼1,컬럼2,컬럼3
컬럼1,컬럼2,컬럼3
컬럼1,컬럼2,컬럼3
컬럼1,컬럼2,컬럼3
컬럼1,컬럼2,컬럼3
컬럼1,컬럼2,컬럼3
컬럼1,컬럼2,컬럼3
컬럼1,컬럼2,컬럼3
컬럼1,컬럼2,컬럼3
컬럼1,컬럼2,컬럼3
컬럼1,컬럼2,컬럼3
컬럼1,컬럼2,컬럼3
컬럼1,컬럼2,컬럼3
컬럼1,컬럼2,컬럼3
컬럼1,컬럼2,컬럼3
컬럼1,컬럼2,컬럼3
컬럼1,컬럼2,컬럼3
컬럼1,컬럼2,컬럼3
컬럼1,컬럼2,컬럼3
컬럼1,컬럼2,컬럼3
컬럼1,컬럼2,컬럼3
컬럼1,컬럼2,컬럼3
컬럼1,컬럼2,컬럼3
컬럼1,컬럼2,컬럼3
컬럼1,컬럼2,컬럼3
컬럼1,컬럼2,컬럼3
컬럼1,컬럼2,컬럼3
컬럼1,컬럼2,컬럼3
컬럼1,컬럼2,컬럼3
컬럼1,컬럼2,컬럼3
컬럼1,컬럼2,컬럼3
컬럼1,컬럼2,컬럼3
컬럼1,컬럼2,컬럼3
컬럼1,컬럼2,컬럼3
컬럼1,컬럼2,컬럼3
컬럼1,컬럼2,컬럼3
컬럼1,컬럼2,컬럼3
컬럼1,컬럼2,컬럼3
컬럼1,컬럼2,컬럼3
컬럼1,컬럼2,컬럼3
